Season,Player,Tm,Award,Player_id
,A.C. Green,,NBA Champion,greenac01
,A.C. Green,,NBA Champion,greenac01
,A.C. Green,,NBA Champion,greenac01
,Aaron Gordon,,NBA Champion,gordoaa01
,Adam Morrison,,NBA Champion,morriad01
,Adam Morrison,,NBA Champion,morriad01
,Adrian Branch,,NBA Champion,brancad01
,Al Horford,,NBA Champion,horfoal01
,Alex Caruso,,NBA Champion,carusal01
,Alonzo Mourning,,NBA Champion,mournal01
,Andre Iguodala,,NBA Champion,iguodan01
,Andre Iguodala,,NBA Champion,iguodan01
,Andre Iguodala,,NBA Champion,iguodan01
,Andre Iguodala,,NBA Champion,iguodan01
,Andrew Bogut,,NBA Champion,bogutan01
,Andrew Bynum,,NBA Champion,bynuman01
,Andrew Bynum,,NBA Champion,bynuman01
,Andrew Gaze,,NBA Champion,gazean01
,Andrew Toney,,NBA Champion,toneyan01
,Andrew Wiggins,,NBA Champion,wiggian01
,Andy Phillip,,NBA Champion,phillan01
,Anthony Davis,,NBA Champion,davisan02
,Antoine Walker,,NBA Champion,walkean02
,Antonio Daniels,,NBA Champion,daniean01
,Arnie Ferrin,,NBA Champion,ferriar01
,Arnie Ferrin,,NBA Champion,ferriar01
,Arnie Johnson,,NBA Champion,johnsar01
,Arnie Risen,,NBA Champion,risenar01
,Arnie Risen,,NBA Champion,risenar01
,Aron Baynes,,NBA Champion,baynear01
,Art Williams,,NBA Champion,williar01
,Austin Daye,,NBA Champion,dayeau01
,Avery Johnson,,NBA Champion,johnsav01
,Axel Toupane,,NBA Champion,toupaax01
,B.J. Armstrong,,NBA Champion,armstbj01
,B.J. Armstrong,,NBA Champion,armstbj01
,B.J. Armstrong,,NBA Champion,armstbj01
,Bailey Howell,,NBA Champion,howelba01
,Bailey Howell,,NBA Champion,howelba01
,Ben Wallace,,NBA Champion,wallabe01
,Bennie Swain,,NBA Champion,swainbe01
,Beno Udrih,,NBA Champion,udrihbe01
,Beno Udrih,,NBA Champion,udrihbe01
,Bill Bradley,,NBA Champion,bradlbi01
,Bill Bradley,,NBA Champion,bradlbi01
,Bill Bridges,,NBA Champion,bridgbi01
,Bill Calhoun,,NBA Champion,calhobi01
,Bill Cartwright,,NBA Champion,cartwbi01
,Bill Cartwright,,NBA Champion,cartwbi01
,Bill Cartwright,,NBA Champion,cartwbi01
,Bill Hosket,,NBA Champion,hoskebi01
,Bill Laimbeer,,NBA Champion,laimbbi01
,Bill Laimbeer,,NBA Champion,laimbbi01
,Bill Melchionni,,NBA Champion,melchbi01
,Bill Russell,,NBA Champion,russebi01
,Bill Russell,,NBA Champion,russebi01
,Bill Russell,,NBA Champion,russebi01
,Bill Russell,,NBA Champion,russebi01
,Bill Russell,,NBA Champion,russebi01
,Bill Russell,,NBA Champion,russebi01
,Bill Russell,,NBA Champion,russebi01
,Bill Russell,,NBA Champion,russebi01
,Bill Russell,,NBA Champion,russebi01
,Bill Russell,,NBA Champion,russebi01
,Bill Russell,,NBA Champion,russebi01
,Bill Sharman,,NBA Champion,sharmbi01
,Bill Sharman,,NBA Champion,sharmbi01
,Bill Sharman,,NBA Champion,sharmbi01
,Bill Sharman,,NBA Champion,sharmbi01
,Bill Walton,,NBA Champion,waltobi01
,Bill Walton,,NBA Champion,waltobi01
,Bill Wennington,,NBA Champion,wennibi01
,Bill Wennington,,NBA Champion,wennibi01
,Bill Wennington,,NBA Champion,wennibi01
,Billy Cunningham,,NBA Champion,cunnibi01
,Billy Hassett,,NBA Champion,hassebi01
,Billy Kenville,,NBA Champion,kenvibi01
,Billy Thompson,,NBA Champion,thompbi01
,Bison Dele,,NBA Champion,delebi01
,Bob Boozer,,NBA Champion,boozebo01
,Bob Cousy,,NBA Champion,cousybo01
,Bob Cousy,,NBA Champion,cousybo01
,Bob Cousy,,NBA Champion,cousybo01
,Bob Cousy,,NBA Champion,cousybo01
,Bob Cousy,,NBA Champion,cousybo01
,Bob Cousy,,NBA Champion,cousybo01
,Bob Dandridge,,NBA Champion,dandrbo01
,Bob Dandridge,,NBA Champion,dandrbo01
,Bob Davies,,NBA Champion,daviebo01
,Bob Greacen,,NBA Champion,greacbo01
,Bob Gross,,NBA Champion,grossbo01
,Bob Hansen,,NBA Champion,hansebo01
,Bob Harrison,,NBA Champion,harribo02
,Bob Harrison,,NBA Champion,harribo02
,Bob Harrison,,NBA Champion,harribo02
,Bob McAdoo,,NBA Champion,mcadobo01
,Bob McAdoo,,NBA Champion,mcadobo01
,Bob Pettit,,NBA Champion,pettibo01
,Bob Weiss,,NBA Champion,weissbo01
,Bobby Jones,,NBA Champion,jonesbo01
,Bobby Portis,,NBA Champion,portibo01
,Bobby Wanzer,,NBA Champion,wanzebo01
,Boris Diaw,,NBA Champion,diawbo01
,Brad Holland,,NBA Champion,hollabr01
,Brandon Rush,,NBA Champion,rushbr01
,Brandon Williams,,NBA Champion,willibr01
,Brendan Haywood,,NBA Champion,haywobr01
,Brent Barry,,NBA Champion,barrybr01
,Brent Barry,,NBA Champion,barrybr01
,Brian Cardinal,,NBA Champion,cardibr01
,Brian Scalabrine,,NBA Champion,scalabr01
,Brian Shaw,,NBA Champion,shawbr01
,Brian Shaw,,NBA Champion,shawbr01
,Brian Shaw,,NBA Champion,shawbr01
,Brook Lopez,,NBA Champion,lopezbr01
,Bruce Bowen,,NBA Champion,bowenbr01
,Bruce Bowen,,NBA Champion,bowenbr01
,Bruce Bowen,,NBA Champion,bowenbr01
,Bruce Brown,,NBA Champion,brownbr01
,Bryn Forbes,,NBA Champion,forbebr01
,Bud Grant,,NBA Champion,grantbu01
,Butch Beard,,NBA Champion,beardbu01
,Butch Lee,,NBA Champion,leebu01
,Byron Scott,,NBA Champion,scottby01
,Byron Scott,,NBA Champion,scottby01
,Byron Scott,,NBA Champion,scottby01
,Carl Braun,,NBA Champion,braunca01
,Carl Herrera,,NBA Champion,herreca01
,Carl Herrera,,NBA Champion,herreca01
,Carlos Clark,,NBA Champion,clarkca01
,Caron Butler,,NBA Champion,butleca01
,Cazzie Russell,,NBA Champion,russeca01
,Cedric Maxwell,,NBA Champion,maxwece01
,Cedric Maxwell,,NBA Champion,maxwece01
,Channing Frye,,NBA Champion,fryech01
,Charles Dudley,,NBA Champion,dudlech01
,Charles Johnson,,NBA Champion,johnsch01
,Charles Johnson,,NBA Champion,johnsch01
,Charles Jones,,NBA Champion,jonesch01
,Charlie Scott,,NBA Champion,scottch01
,Chauncey Billups,,NBA Champion,billuch01
,Chet Walker,,NBA Champion,walkech01
,Chris Andersen,,NBA Champion,anderch01
,Chris Bosh,,NBA Champion,boshch01
,Chris Bosh,,NBA Champion,boshch01
,Chris Boucher,,NBA Champion,bouchch01
,Chris Boucher,,NBA Champion,bouchch01
,Chris Chiozza,,NBA Champion,chiozch01
,Chris Ford,,NBA Champion,fordch01
,Chris Jent,,NBA Champion,jentch01
,Christian Braun,,NBA Champion,braunch01
,Chuck Nevitt,,NBA Champion,nevitch01
,Chuck Share,,NBA Champion,sharech01
,Chucky Brown,,NBA Champion,brownch01
,Clay Johnson,,NBA Champion,johnscl02
,Clemon Johnson,,NBA Champion,johnscl01
,Cliff Hagan,,NBA Champion,hagancl01
,Cliff Levingston,,NBA Champion,levincl01
,Cliff Levingston,,NBA Champion,levincl01
,Clifford Ray,,NBA Champion,raycl01
,Clint Richardson,,NBA Champion,richacl01
,Clyde Drexler,,NBA Champion,drexlcl01
,Clyde Lovellette,,NBA Champion,lovelcl01
,Clyde Lovellette,,NBA Champion,lovelcl01
,Clyde Lovellette,,NBA Champion,lovelcl01
,Collin Gillespie,,NBA Champion,gilleco01
,Corey Brewer,,NBA Champion,breweco01
,Corey Williams,,NBA Champion,willico01
,Corky Calhoun,,NBA Champion,calhoco01
,Corliss Williamson,,NBA Champion,willico02
,Cory Joseph,,NBA Champion,josepco01
,Craig Hodges,,NBA Champion,hodgecr01
,Craig Hodges,,NBA Champion,hodgecr01
,D.J. Mbenga,,NBA Champion,mbengdj01
,D.J. Mbenga,,NBA Champion,mbengdj01
,Dahntay Jones,,NBA Champion,jonesda02
,Damian Jones,,NBA Champion,jonesda03
,Damian Jones,,NBA Champion,jonesda03
,Damion James,,NBA Champion,jamesda01
,Damion Lee,,NBA Champion,leeda03
,Dan Swartz,,NBA Champion,swartda01
,Danny Ainge,,NBA Champion,aingeda01
,Danny Ainge,,NBA Champion,aingeda01
,Danny Ferry,,NBA Champion,ferryda01
,Danny Green,,NBA Champion,greenda02
,Danny Green,,NBA Champion,greenda02
,Danny Green,,NBA Champion,greenda02
,Darko Miličić,,NBA Champion,milicda01
,Darrell Walker,,NBA Champion,walkeda01
,Darvin Ham,,NBA Champion,hamda01
,Dave Cowens,,NBA Champion,cowenda01
,Dave Cowens,,NBA Champion,cowenda01
,Dave DeBusschere,,NBA Champion,debusda01
,Dave DeBusschere,,NBA Champion,debusda01
,Dave Gambee,,NBA Champion,gambeda01
,Dave Greenwood,,NBA Champion,greenda01
,Dave Stallworth,,NBA Champion,stallda01
,Dave Twardzik,,NBA Champion,twardda01
,David Lee,,NBA Champion,leeda02
,David Robinson,,NBA Champion,robinda01
,David Robinson,,NBA Champion,robinda01
,David Thirdkill,,NBA Champion,thirdda01
,David West,,NBA Champion,westda01
,David West,,NBA Champion,westda01
,DeAndre Jordan,,NBA Champion,jordade01
,DeShawn Stevenson,,NBA Champion,stevede01
,Dean Meminger,,NBA Champion,meminde01
,Dennis Awtrey,,NBA Champion,awtrede01
,Dennis Hopson,,NBA Champion,hopsode01
,Dennis Johnson,,NBA Champion,johnsde01
,Dennis Johnson,,NBA Champion,johnsde01
,Dennis Johnson,,NBA Champion,johnsde01
,Dennis Rodman,,NBA Champion,rodmade01
,Dennis Rodman,,NBA Champion,rodmade01
,Dennis Rodman,,NBA Champion,rodmade01
,Dennis Rodman,,NBA Champion,rodmade01
,Dennis Rodman,,NBA Champion,rodmade01
,Derek Anderson,,NBA Champion,anderde01
,Derek Fisher,,NBA Champion,fishede01
,Derek Fisher,,NBA Champion,fishede01
,Derek Fisher,,NBA Champion,fishede01
,Derek Fisher,,NBA Champion,fishede01
,Derek Fisher,,NBA Champion,fishede01
,Derrek Dickey,,NBA Champion,dickede01
,Derrick White,,NBA Champion,whitede01
,Devean George,,NBA Champion,georgde01
,Devean George,,NBA Champion,georgde01
,Devean George,,NBA Champion,georgde01
,Devin Brown,,NBA Champion,brownde02
,Devontae Cacok,,NBA Champion,cacokde01
,Dexter Pittman,,NBA Champion,pittmde01
,Dick Barnett,,NBA Champion,barnedi01
,Dick Barnett,,NBA Champion,barnedi01
,Dick Cunningham,,NBA Champion,cunnidi01
,Dick Farley,,NBA Champion,farledi01
,Dick Hemric,,NBA Champion,hemridi01
,Dick Schnittker,,NBA Champion,schnidi01
,Dick Schnittker,,NBA Champion,schnidi01
,Dick Snyder,,NBA Champion,snydedi01
,Dickey Simpkins,,NBA Champion,simpkdi01
,Dickey Simpkins,,NBA Champion,simpkdi01
,Dickey Simpkins,,NBA Champion,simpkdi01
,Dion Waiters,,NBA Champion,waitedi01
,Dirk Nowitzki,,NBA Champion,nowitdi01
,Dolph Schayes,,NBA Champion,schaydo01
,Dominique Jones,,NBA Champion,jonesdo02
,Don Carlson,,NBA Champion,carlsdo01
,Don Carlson,,NBA Champion,carlsdo01
,Don Chaney,,NBA Champion,chanedo01
,Don Chaney,,NBA Champion,chanedo01
,Don May,,NBA Champion,maydo01
,Don Nelson,,NBA Champion,nelsodo01
,Don Nelson,,NBA Champion,nelsodo01
,Don Nelson,,NBA Champion,nelsodo01
,Don Nelson,,NBA Champion,nelsodo01
,Don Nelson,,NBA Champion,nelsodo01
,Donte DiVincenzo,,NBA Champion,divindo01
,Dorell Wright,,NBA Champion,wrighdo01
,Draymond Green,,NBA Champion,greendr01
,Draymond Green,,NBA Champion,greendr01
,Draymond Green,,NBA Champion,greendr01
,Draymond Green,,NBA Champion,greendr01
,Drew Peterson,,NBA Champion,peterdr01
,Dwight Howard,,NBA Champion,howardw01
,Dwyane Wade,,NBA Champion,wadedw01
,Dwyane Wade,,NBA Champion,wadedw01
,Dwyane Wade,,NBA Champion,wadedw01
,Earl Cureton,,NBA Champion,curetea01
,Earl Cureton,,NBA Champion,curetea01
,Earl Lloyd,,NBA Champion,lloydea01
,Earl Monroe,,NBA Champion,monroea01
,Ed Macauley,,NBA Champion,macaued01
,Ed Nealy,,NBA Champion,nealyed01
,Eddie House,,NBA Champion,houseed01
,Eddie Jordan,,NBA Champion,jordaed01
,Eddy Curry,,NBA Champion,curryed01
,Elden Campbell,,NBA Champion,campbel01
,Elijah Bryant,,NBA Champion,bryanel01
,Elvin Hayes,,NBA Champion,hayesel01
,Em Bryant,,NBA Champion,bryanem01
,Eric Fernsten,,NBA Champion,fernser01
,Eric Moreland,,NBA Champion,moreler01
,Eric Riley,,NBA Champion,rileyer01
,Ernie Beck,,NBA Champion,becker01
,Fabricio Oberto,,NBA Champion,obertfa01
,Fennis Dembo,,NBA Champion,dembofe01
,Festus Ezeli,,NBA Champion,ezelife01
,Flynn Robinson,,NBA Champion,robinfl01
,Francisco Elson,,NBA Champion,elsonfr01
,Frank Ramsey,,NBA Champion,ramsefr01
,Frank Ramsey,,NBA Champion,ramsefr01
,Frank Ramsey,,NBA Champion,ramsefr01
,Frank Ramsey,,NBA Champion,ramsefr01
,Frank Ramsey,,NBA Champion,ramsefr01
,Frank Ramsey,,NBA Champion,ramsefr01
,Frank Ramsey,,NBA Champion,ramsefr01
,Franklin Edwards,,NBA Champion,edwarfr01
,Fred Brown,,NBA Champion,brownfr01
,Fred VanVleet,,NBA Champion,vanvlfr01
,Gabe Pruitt,,NBA Champion,pruitga01
,Gail Goodrich,,NBA Champion,goodrga01
,Gary Payton,,NBA Champion,paytoga01
,Gary Payton II,,NBA Champion,paytoga02
,Gary Phillips,,NBA Champion,phillga01
,Gene Conley,,NBA Champion,conlege01
,Gene Conley,,NBA Champion,conlege01
,Gene Conley,,NBA Champion,conlege01
,Gene Guarilia,,NBA Champion,guarige01
,Gene Guarilia,,NBA Champion,guarige01
,Gene Guarilia,,NBA Champion,guarige01
,Gene Guarilia,,NBA Champion,guarige01
,George Dempsey,,NBA Champion,dempsge01
,George Johnson,,NBA Champion,johnsge02
,George King,,NBA Champion,kingge01
,George Mikan,,NBA Champion,mikange01
,George Mikan,,NBA Champion,mikange01
,George Mikan,,NBA Champion,mikange01
,George Mikan,,NBA Champion,mikange01
,George Mikan,,NBA Champion,mikange01
,Gerald Henderson,,NBA Champion,hendege01
,Gerald Henderson,,NBA Champion,hendege01
,Gerald Henderson,,NBA Champion,hendege01
,Gerard King,,NBA Champion,kingge02
,Giannis Antetokounmpo,,NBA Champion,antetgi01
,Glen Davis,,NBA Champion,davisgl01
,Glen Rice,,NBA Champion,ricegl01
,Glenn McDonald,,NBA Champion,mcdongl01
,Glenn Robinson,,NBA Champion,robingl01
,Greg Ballard,,NBA Champion,ballagr01
,Greg Foster,,NBA Champion,fostegr01
,Greg Kite,,NBA Champion,kitegr01
,Greg Kite,,NBA Champion,kitegr01
,Greg Smith,,NBA Champion,smithgr01
,Gus Williams,,NBA Champion,willigu01
,Hakeem Olajuwon,,NBA Champion,olajuha01
,Hakeem Olajuwon,,NBA Champion,olajuha01
,Hal Greer,,NBA Champion,greerha01
,Hank Finkel,,NBA Champion,finkeha01
,Happy Hairston,,NBA Champion,hairsha01
,Harrison Barnes,,NBA Champion,barneha02
,Harthorne Wingo,,NBA Champion,wingoha01
,Henry Bibby,,NBA Champion,bibbyhe01
,Herm Gilliam,,NBA Champion,gillihe01
,Herm Schaefer,,NBA Champion,schaehe01
,Herm Schaefer,,NBA Champion,schaehe01
,Horace Grant,,NBA Champion,grantho01
,Horace Grant,,NBA Champion,grantho01
,Horace Grant,,NBA Champion,grantho01
,Horace Grant,,NBA Champion,grantho01
,Howie Schultz,,NBA Champion,schulho01
,Ian Clark,,NBA Champion,clarkia01
,Ian Mahinmi,,NBA Champion,mahinia01
,Iman Shumpert,,NBA Champion,shumpim01
,Isaiah Rider,,NBA Champion,rideris01
,Ish Smith,,NBA Champion,smithis01
,Isiah Thomas,,NBA Champion,thomais01
,Isiah Thomas,,NBA Champion,thomais01
,J.J. Barea,,NBA Champion,bareajo01
,J.R. Smith,,NBA Champion,smithjr01
,J.R. Smith,,NBA Champion,smithjr01
,JD Davison,,NBA Champion,davisjd01
,JaVale McGee,,NBA Champion,mcgeeja01
,JaVale McGee,,NBA Champion,mcgeeja01
,JaVale McGee,,NBA Champion,mcgeeja01
,Jack Coleman,,NBA Champion,colemja01
,Jack Coleman,,NBA Champion,colemja01
,Jack George,,NBA Champion,georgja01
,Jack Haley,,NBA Champion,haleyja01
,Jack McMahon,,NBA Champion,mcmahja01
,Jack Nichols,,NBA Champion,nichoja01
,Jack Sikma,,NBA Champion,sikmaja01
,Jack White,,NBA Champion,whiteja03
,Jackie Butler,,NBA Champion,butleja01
,Jackie Moore,,NBA Champion,mooreja01
,Jackie Robinson,,NBA Champion,robinja01
,Jacque Vaughn,,NBA Champion,vaughja01
,Jaden Springer,,NBA Champion,sprinja01
,Jamaal Wilkes,,NBA Champion,wilkeja01
,Jamaal Wilkes,,NBA Champion,wilkeja01
,Jamaal Wilkes,,NBA Champion,wilkeja01
,Jamaal Wilkes,,NBA Champion,wilkeja01
,Jamal Murray,,NBA Champion,murraja01
,James Edwards,,NBA Champion,edwarja01
,James Edwards,,NBA Champion,edwarja01
,James Edwards,,NBA Champion,edwarja01
,James Jones,,NBA Champion,jonesja02
,James Jones,,NBA Champion,jonesja02
,James Jones,,NBA Champion,jonesja02
,James Michael McAdoo,,NBA Champion,mcadoja01
,James Michael McAdoo,,NBA Champion,mcadoja01
,James Posey,,NBA Champion,poseyja01
,James Posey,,NBA Champion,poseyja01
,James White,,NBA Champion,whiteja02
,James Wiseman,,NBA Champion,wisemja01
,James Worthy,,NBA Champion,worthja01
,James Worthy,,NBA Champion,worthja01
,James Worthy,,NBA Champion,worthja01
,Jared Dudley,,NBA Champion,dudleja01
,Jaren Jackson,,NBA Champion,jacksja01
,Jarvis Varnado,,NBA Champion,varnaja01
,Jason Caffey,,NBA Champion,caffeja01
,Jason Caffey,,NBA Champion,caffeja01
,Jason Kapono,,NBA Champion,kaponja01
,Jason Kidd,,NBA Champion,kiddja01
,Jason Terry,,NBA Champion,terryja01
,Jason Williams,,NBA Champion,willija02
,Jaylen Brown,,NBA Champion,brownja02
,Jayson Tatum,,NBA Champion,tatumja01
,Jeff Ayres,,NBA Champion,pendeje02
,Jeff Green,,NBA Champion,greenje02
,Jeff Lamp,,NBA Champion,lampje01
,Jeff Mullins,,NBA Champion,mullije01
,Jeff Teague,,NBA Champion,teaguje01
,Jeff Webb,,NBA Champion,webbje01
,Jelani McCoy,,NBA Champion,mccoyje01
,Jeremy Lin,,NBA Champion,linje01
,Jerome Anderson,,NBA Champion,anderje01
,Jerome Kersey,,NBA Champion,kerseje01
,Jerry Lucas,,NBA Champion,lucasje01
,Jerry Sichting,,NBA Champion,sichtje01
,Jerry West,,NBA Champion,westje01
,Jim Ard,,NBA Champion,ardji01
,Jim Barnes,,NBA Champion,barneji01
,Jim Brewer,,NBA Champion,breweji01
,Jim Chones,,NBA Champion,choneji01
,Jim Cleamons,,NBA Champion,cleamji01
,Jim Holstein,,NBA Champion,holstji01
,Jim Holstein,,NBA Champion,holstji01
,Jim Loscutoff,,NBA Champion,loscuji01
,Jim Loscutoff,,NBA Champion,loscuji01
,Jim Loscutoff,,NBA Champion,loscuji01
,Jim Loscutoff,,NBA Champion,loscuji01
,Jim Loscutoff,,NBA Champion,loscuji01
,Jim Loscutoff,,NBA Champion,loscuji01
,Jim Loscutoff,,NBA Champion,loscuji01
,Jim McMillian,,NBA Champion,mcmilji01
,Jim Pollard,,NBA Champion,pollaji01
,Jim Pollard,,NBA Champion,pollaji01
,Jim Pollard,,NBA Champion,pollaji01
,Jim Pollard,,NBA Champion,pollaji01
,Jim Pollard,,NBA Champion,pollaji01
,Jim Tucker,,NBA Champion,tuckeji01
,Jo Jo White,,NBA Champion,whitejo01
,Jo Jo White,,NBA Champion,whitejo01
,Jodie Meeks,,NBA Champion,meeksjo01
,Joe Dumars,,NBA Champion,dumarjo01
,Joe Dumars,,NBA Champion,dumarjo01
,Joe Graboski,,NBA Champion,grabojo01
,Joe Hassett,,NBA Champion,hassejo01
,Joe Hutton,,NBA Champion,huttojo01
,Joe Kleine,,NBA Champion,kleinjo01
,Joe McNamee,,NBA Champion,mcnamjo01
,Joe Pace,,NBA Champion,pacejo01
,Joel Anthony,,NBA Champion,anthojo01
,Joel Anthony,,NBA Champion,anthojo01
,John Celestand,,NBA Champion,celesjo01
,John Gianelli,,NBA Champion,gianejo01
,John Havlicek,,NBA Champion,havlijo01
,John Havlicek,,NBA Champion,havlijo01
,John Havlicek,,NBA Champion,havlijo01
,John Havlicek,,NBA Champion,havlijo01
,John Havlicek,,NBA Champion,havlijo01
,John Havlicek,,NBA Champion,havlijo01
,John Havlicek,,NBA Champion,havlijo01
,John Havlicek,,NBA Champion,havlijo01
,John Johnson,,NBA Champion,johnsjo01
,John Long,,NBA Champion,longjo01
,John Paxson,,NBA Champion,paxsojo01
,John Paxson,,NBA Champion,paxsojo01
,John Paxson,,NBA Champion,paxsojo01
,John Richter,,NBA Champion,richtjo01
,John Salley,,NBA Champion,sallejo01
,John Salley,,NBA Champion,sallejo01
,John Salley,,NBA Champion,sallejo01
,John Salley,,NBA Champion,sallejo01
,John Thompson,,NBA Champion,thompjo01
,John Thompson,,NBA Champion,thompjo01
,John Trapp,,NBA Champion,trappjo01
,John Warren,,NBA Champion,warrejo01
,Johnny Davis,,NBA Champion,davisjo01
,Johnny Jones,,NBA Champion,jonesjo01
,Johnny McCarthy,,NBA Champion,mccarjo01
,Jon McGlocklin,,NBA Champion,mcglojo01
,Jonathan Kuminga,,NBA Champion,kuminjo01
,Jordan Bell,,NBA Champion,belljo01
,Jordan Farmar,,NBA Champion,farmajo01
,Jordan Farmar,,NBA Champion,farmajo01
,Jordan Loyd,,NBA Champion,loydjo01
,Jordan McRae,,NBA Champion,mcraejo01
,Jordan Nwora,,NBA Champion,nworajo01
,Jordan Poole,,NBA Champion,poolejo01
,Jordan Walsh,,NBA Champion,walshjo01
,Josh Powell,,NBA Champion,poweljo01
,Josh Powell,,NBA Champion,poweljo01
,Jrue Holiday,,NBA Champion,holidjr01
,Jrue Holiday,,NBA Champion,holidjr01
,Juan Toscano-Anderson,,NBA Champion,toscaju01
,Jud Buechler,,NBA Champion,buechju01
,Jud Buechler,,NBA Champion,buechju01
,Jud Buechler,,NBA Champion,buechju01
,Julius Erving,,NBA Champion,ervinju01
,Justin Holiday,,NBA Champion,holidju01
,Justin Jackson,,NBA Champion,jacksju01
,Juwan Howard,,NBA Champion,howarju01
,Juwan Howard,,NBA Champion,howarju01
,K.C. Jones,,NBA Champion,joneskc01
,K.C. Jones,,NBA Champion,joneskc01
,K.C. Jones,,NBA Champion,joneskc01
,K.C. Jones,,NBA Champion,joneskc01
,K.C. Jones,,NBA Champion,joneskc01
,K.C. Jones,,NBA Champion,joneskc01
,K.C. Jones,,NBA Champion,joneskc01
,K.C. Jones,,NBA Champion,joneskc01
,Kareem Abdul-Jabbar,,NBA Champion,abdulka01
,Kareem Abdul-Jabbar,,NBA Champion,abdulka01
,Kareem Abdul-Jabbar,,NBA Champion,abdulka01
,Kareem Abdul-Jabbar,,NBA Champion,abdulka01
,Kareem Abdul-Jabbar,,NBA Champion,abdulka01
,Kareem Abdul-Jabbar,,NBA Champion,abdulka01
,Kawhi Leonard,,NBA Champion,leonaka01
,Kawhi Leonard,,NBA Champion,leonaka01
,Keith Booth,,NBA Champion,boothke01
,Keith Erickson,,NBA Champion,erickke01
,Kendrick Perkins,,NBA Champion,perkike01
,Kenny Smith,,NBA Champion,smithke01
,Kenny Smith,,NBA Champion,smithke01
,Kentavious Caldwell-Pope,,NBA Champion,caldwke01
,Kentavious Caldwell-Pope,,NBA Champion,caldwke01
,Kevin Durant,,NBA Champion,duranke01
,Kevin Durant,,NBA Champion,duranke01
,Kevin Garnett,,NBA Champion,garneke01
,Kevin Grevey,,NBA Champion,greveke01
,Kevin Love,,NBA Champion,loveke01
,Kevin McHale,,NBA Champion,mchalke01
,Kevin McHale,,NBA Champion,mchalke01
,Kevin McHale,,NBA Champion,mchalke01
,Kevin McKenna,,NBA Champion,mckenke01
,Kevin Stacom,,NBA Champion,stacoke01
,Kevin Willis,,NBA Champion,willike02
,Kevon Looney,,NBA Champion,looneke01
,Kevon Looney,,NBA Champion,looneke01
,Kevon Looney,,NBA Champion,looneke01
,Khris Middleton,,NBA Champion,middlkh01
,Klay Thompson,,NBA Champion,thompkl01
,Klay Thompson,,NBA Champion,thompkl01
,Klay Thompson,,NBA Champion,thompkl01
,Klay Thompson,,NBA Champion,thompkl01
,Kobe Bryant,,NBA Champion,bryanko01
,Kobe Bryant,,NBA Champion,bryanko01
,Kobe Bryant,,NBA Champion,bryanko01
,Kobe Bryant,,NBA Champion,bryanko01
,Kobe Bryant,,NBA Champion,bryanko01
,Kostas Antetokounmpo,,NBA Champion,antetko01
,Kristaps Porziņģis,,NBA Champion,porzikr01
,Kurt Rambis,,NBA Champion,rambiku01
,Kurt Rambis,,NBA Champion,rambiku01
,Kurt Rambis,,NBA Champion,rambiku01
,Kurt Rambis,,NBA Champion,rambiku01
,Kyle Kuzma,,NBA Champion,kuzmaky01
,Kyle Lowry,,NBA Champion,lowryky01
,Kyrie Irving,,NBA Champion,irvinky01
,Lamar Odom,,NBA Champion,odomla01
,Lamar Odom,,NBA Champion,odomla01
,Larry Bird,,NBA Champion,birdla01
,Larry Bird,,NBA Champion,birdla01
,Larry Bird,,NBA Champion,birdla01
,Larry Costello,,NBA Champion,costela01
,Larry Hennessy,,NBA Champion,hennela01
,Larry Robinson,,NBA Champion,robinla01
,Larry Siegfried,,NBA Champion,siegfla01
,Larry Siegfried,,NBA Champion,siegfla01
,Larry Siegfried,,NBA Champion,siegfla01
,Larry Siegfried,,NBA Champion,siegfla01
,Larry Siegfried,,NBA Champion,siegfla01
,Larry Spriggs,,NBA Champion,sprigla01
,Larry Steele,,NBA Champion,steella01
,Larry Wright,,NBA Champion,wrighla01
,LeBron James,,NBA Champion,jamesle01
,LeBron James,,NBA Champion,jamesle01
,LeBron James,,NBA Champion,jamesle01
,LeBron James,,NBA Champion,jamesle01
,Leandro Barbosa,,NBA Champion,barbole01
,Leon Powe,,NBA Champion,powele01
,Leroy Ellis,,NBA Champion,ellisle01
,Lew Hitch,,NBA Champion,hitchle01
,Lew Hitch,,NBA Champion,hitchle01
,Lindsey Hunter,,NBA Champion,hunteli01
,Lindsey Hunter,,NBA Champion,hunteli01
,Linton Johnson,,NBA Champion,johnsli01
,Lionel Hollins,,NBA Champion,hollili01
,Lloyd Neal,,NBA Champion,nealll01
,Lonnie Shelton,,NBA Champion,sheltlo01
,Lou Tsioropoulos,,NBA Champion,tsiorlo01
,Lou Tsioropoulos,,NBA Champion,tsiorlo01
,Luc Longley,,NBA Champion,longllu01
,Luc Longley,,NBA Champion,longllu01
,Luc Longley,,NBA Champion,longllu01
,Lucius Allen,,NBA Champion,allenlu01
,Luke Jackson,,NBA Champion,jackslu01
,Luke Kornet,,NBA Champion,kornelu01
,Luke Walton,,NBA Champion,waltolu01
,Luke Walton,,NBA Champion,waltolu01
,M.L. Carr,,NBA Champion,carrml01
,M.L. Carr,,NBA Champion,carrml01
,Magic Johnson,,NBA Champion,johnsma02
,Magic Johnson,,NBA Champion,johnsma02
,Magic Johnson,,NBA Champion,johnsma02
,Magic Johnson,,NBA Champion,johnsma02
,Magic Johnson,,NBA Champion,johnsma02
,Mal Graham,,NBA Champion,grahama01
,Mal Graham,,NBA Champion,grahama01
,Malcolm Miller,,NBA Champion,millema01
,Malik Rose,,NBA Champion,rosema01
,Malik Rose,,NBA Champion,rosema01
,Mamadi Diakite,,NBA Champion,diakima01
,Manu Ginóbili,,NBA Champion,ginobma01
,Manu Ginóbili,,NBA Champion,ginobma01
,Manu Ginóbili,,NBA Champion,ginobma01
,Manu Ginóbili,,NBA Champion,ginobma01
,Marc Gasol,,NBA Champion,gasolma01
,Marc Iavaroni,,NBA Champion,iavarma01
,Marco Belinelli,,NBA Champion,belinma01
,Mario Chalmers,,NBA Champion,chalmma01
,Mario Chalmers,,NBA Champion,chalmma01
,Mario Elie,,NBA Champion,eliema01
,Mario Elie,,NBA Champion,eliema01
,Mario Elie,,NBA Champion,eliema01
,Mark Aguirre,,NBA Champion,aguirma01
,Mark Aguirre,,NBA Champion,aguirma01
,Mark Landsberger,,NBA Champion,landsma01
,Mark Landsberger,,NBA Champion,landsma01
,Mark Madsen,,NBA Champion,madsema01
,Mark Madsen,,NBA Champion,madsema01
,Mark McNamara,,NBA Champion,mcnamma01
,Markieff Morris,,NBA Champion,morrima02
,Marreese Speights,,NBA Champion,speigma01
,Marty Byrnes,,NBA Champion,byrnema01
,Marv Winkler,,NBA Champion,winklma01
,Matt Barnes,,NBA Champion,barnema02
,Matt Bonner,,NBA Champion,bonnema01
,Matt Bonner,,NBA Champion,bonnema01
,Matt Bullard,,NBA Champion,bullama01
,Matt Guokas,,NBA Champion,guokama02
,Matt Steigenga,,NBA Champion,steigma01
,Matthew Dellavedova,,NBA Champion,dellama01
,Maurice Cheeks,,NBA Champion,cheekma01
,Maurice Lucas,,NBA Champion,lucasma01
,McCoy McLemore,,NBA Champion,mclemmc01
,Med Park,,NBA Champion,parkme01
,Mehmet Okur,,NBA Champion,okurme01
,Mel Counts,,NBA Champion,countme01
,Mel Counts,,NBA Champion,countme01
,Melvin Ely,,NBA Champion,elyme01
,Mengke Bateer,,NBA Champion,bateeme01
,Metta World Peace,,NBA Champion,artesro01
,Michael Cooper,,NBA Champion,coopemi01
,Michael Cooper,,NBA Champion,coopemi01
,Michael Cooper,,NBA Champion,coopemi01
,Michael Cooper,,NBA Champion,coopemi01
,Michael Cooper,,NBA Champion,coopemi01
,Michael Doleac,,NBA Champion,doleami01
,Michael Finley,,NBA Champion,finlemi01
,Michael Jordan,,NBA Champion,jordami01
,Michael Jordan,,NBA Champion,jordami01
,Michael Jordan,,NBA Champion,jordami01
,Michael Jordan,,NBA Champion,jordami01
,Michael Jordan,,NBA Champion,jordami01
,Michael Jordan,,NBA Champion,jordami01
,Michael Porter Jr.,,NBA Champion,portemi01
,Micheal Williams,,NBA Champion,willimi02
,Mike James,,NBA Champion,jamesmi01
,Mike McGee,,NBA Champion,mcgeemi01
,Mike McGee,,NBA Champion,mcgeemi01
,Mike Miller,,NBA Champion,millemi01
,Mike Miller,,NBA Champion,millemi01
,Mike Penberthy,,NBA Champion,penbemi01
,Mike Riordan,,NBA Champion,riordmi01
,Mike Smrek,,NBA Champion,smrekmi01
,Mike Smrek,,NBA Champion,smrekmi01
,Mike Wilks,,NBA Champion,wilksmi01
,Milt Wagner,,NBA Champion,wagnemi01
,Mitch Kupchak,,NBA Champion,kupchmi01
,Mitch Kupchak,,NBA Champion,kupchmi01
,Mitch Richmond,,NBA Champion,richmmi01
,Mo Williams,,NBA Champion,willima01
,Moses Malone,,NBA Champion,malonmo01
,Moses Moody,,NBA Champion,moodymo01
,Mychal Thompson,,NBA Champion,thompmy01
,Mychal Thompson,,NBA Champion,thompmy01
,Nate Bowman,,NBA Champion,bowmana01
,Nazr Mohammed,,NBA Champion,mohamna01
,Neemias Queta,,NBA Champion,quetane01
,Neil Johnston,,NBA Champion,johnsne01
,Nemanja Bjelica,,NBA Champion,bjeline01
,Nick Young,,NBA Champion,youngni01
,Nikola Jokić,,NBA Champion,jokicni01
,Norm Nixon,,NBA Champion,nixonno01
,Norm Nixon,,NBA Champion,nixonno01
,Norman Powell,,NBA Champion,powelno01
,Norris Cole,,NBA Champion,coleno01
,Norris Cole,,NBA Champion,coleno01
,OG Anunoby,,NBA Champion,anunoog01
,Ognjen Kuzmić,,NBA Champion,kuzmiog01
,Oscar Robertson,,NBA Champion,roberos01
,Oshae Brissett,,NBA Champion,brissos01
,Otis Thorpe,,NBA Champion,thorpot01
,Otto Porter Jr.,,NBA Champion,porteot01
,P.J. Brown,,NBA Champion,brownpj01
,P.J. Tucker,,NBA Champion,tuckepj01
,Pascal Siakam,,NBA Champion,siakapa01
,Pat Connaughton,,NBA Champion,connapa01
,Pat Riley,,NBA Champion,rileypa01
,Patrick McCaw,,NBA Champion,mccawpa01
,Patrick McCaw,,NBA Champion,mccawpa01
,Patrick McCaw,,NBA Champion,mccawpa01
,Patty Mills,,NBA Champion,millspa02
,Pau Gasol,,NBA Champion,gasolpa01
,Pau Gasol,,NBA Champion,gasolpa01
,Paul Arizin,,NBA Champion,arizipa01
,Paul Noel,,NBA Champion,noelpa01
,Paul Pierce,,NBA Champion,piercpa01
,Paul Seymour,,NBA Champion,seymopa01
,Paul Silas,,NBA Champion,silaspa01
,Paul Silas,,NBA Champion,silaspa01
,Paul Silas,,NBA Champion,silaspa01
,Paul Westphal,,NBA Champion,westppa01
,Payton Pritchard,,NBA Champion,pritcpa01
,Peja Stojaković,,NBA Champion,stojape01
,Pep Saul,,NBA Champion,saulpe01
,Pep Saul,,NBA Champion,saulpe01
,Pep Saul,,NBA Champion,saulpe01
,Pep Saul,,NBA Champion,saulpe01
,Pete Chilcutt,,NBA Champion,chilcpe01
,Peyton Watson,,NBA Champion,watsope01
,Phil Chenier,,NBA Champion,cheniph01
,Phil Hankinson,,NBA Champion,hankiph01
,Phil Jackson,,NBA Champion,jacksph01
,Phil Jackson,,NBA Champion,jacksph01
,Phil Smith,,NBA Champion,smithph01
,Phil Walker,,NBA Champion,walkeph01
,Quinn Buckner,,NBA Champion,bucknqu01
,Quinn Cook,,NBA Champion,cookqu01
,Quinn Cook,,NBA Champion,cookqu01
,Quinndary Weatherspoon,,NBA Champion,weathqu01
,Rajon Rondo,,NBA Champion,rondora01
,Rajon Rondo,,NBA Champion,rondora01
,Randy Brown,,NBA Champion,brownra02
,Randy Brown,,NBA Champion,brownra02
,Randy Brown,,NBA Champion,brownra02
,Rashard Lewis,,NBA Champion,lewisra02
,Rasheed Wallace,,NBA Champion,wallara01
,Rasho Nesterović,,NBA Champion,nestera01
,Ray Allen,,NBA Champion,allenra02
,Ray Allen,,NBA Champion,allenra02
,Red Holzman,,NBA Champion,holzmre01
,Red Kerr,,NBA Champion,kerrre01
,Red Rocha,,NBA Champion,rochare01
,Reggie Jackson,,NBA Champion,jacksre01
,Reggie Johnson,,NBA Champion,johnsre01
,Rich Johnson,,NBA Champion,johnsri01
,Richard Hamilton,,NBA Champion,hamilri01
,Richard Jefferson,,NBA Champion,jefferi01
,Richard Petruška,,NBA Champion,petruri01
,Rick Barry,,NBA Champion,barryri01
,Rick Carlisle,,NBA Champion,carliri01
,Rick Fox,,NBA Champion,foxri01
,Rick Fox,,NBA Champion,foxri01
,Rick Fox,,NBA Champion,foxri01
,Rick Mahorn,,NBA Champion,mahorri01
,Rick Robey,,NBA Champion,robeyri01
,Rick Weitzman,,NBA Champion,weitzri01
,Robert Horry,,NBA Champion,horryro01
,Robert Horry,,NBA Champion,horryro01
,Robert Horry,,NBA Champion,horryro01
,Robert Horry,,NBA Champion,horryro01
,Robert Horry,,NBA Champion,horryro01
,Robert Horry,,NBA Champion,horryro01
,Robert Horry,,NBA Champion,horryro01
,Robert Parish,,NBA Champion,parisro01
,Robert Parish,,NBA Champion,parisro01
,Robert Parish,,NBA Champion,parisro01
,Robert Parish,,NBA Champion,parisro01
,Robin Jones,,NBA Champion,jonesro01
,Rodney McCray,,NBA Champion,mccraro01
,Rodrigue Beaubois,,NBA Champion,beaubro01
,Ron Bonham,,NBA Champion,bonharo01
,Ron Bonham,,NBA Champion,bonharo01
,Ron Harper,,NBA Champion,harpero01
,Ron Harper,,NBA Champion,harpero01
,Ron Harper,,NBA Champion,harpero01
,Ron Harper,,NBA Champion,harpero01
,Ron Harper,,NBA Champion,harpero01
,Ronnie Lester,,NBA Champion,lestero01
,Ronny Turiaf,,NBA Champion,turiaro01
,Rusty LaRue,,NBA Champion,larueru01
,Sam Cassell,,NBA Champion,cassesa01
,Sam Cassell,,NBA Champion,cassesa01
,Sam Cassell,,NBA Champion,cassesa01
,Sam Hauser,,NBA Champion,hausesa01
,Sam Jones,,NBA Champion,jonessa01
,Sam Jones,,NBA Champion,jonessa01
,Sam Jones,,NBA Champion,jonessa01
,Sam Jones,,NBA Champion,jonessa01
,Sam Jones,,NBA Champion,jonessa01
,Sam Jones,,NBA Champion,jonessa01
,Sam Jones,,NBA Champion,jonessa01
,Sam Jones,,NBA Champion,jonessa01
,Sam Jones,,NBA Champion,jonessa01
,Sam Jones,,NBA Champion,jonessa01
,Sam Merrill,,NBA Champion,merrisa01
,Sam Vincent,,NBA Champion,vincesa01
,Samaki Walker,,NBA Champion,walkesa01
,Sasha Kaun,,NBA Champion,kaunsa01
,Sasha Vujačić,,NBA Champion,vujacsa01
,Sasha Vujačić,,NBA Champion,vujacsa01
,Scot Pollard,,NBA Champion,pollasc01
,Scott Brooks,,NBA Champion,brooksc01
,Scott Burrell,,NBA Champion,burresc01
,Scott Hastings,,NBA Champion,hastisc01
,Scott Wedman,,NBA Champion,wedmasc01
,Scott Wedman,,NBA Champion,wedmasc01
,Scott Williams,,NBA Champion,willisc01
,Scott Williams,,NBA Champion,willisc01
,Scott Williams,,NBA Champion,willisc01
,Scottie Pippen,,NBA Champion,pippesc01
,Scottie Pippen,,NBA Champion,pippesc01
,Scottie Pippen,,NBA Champion,pippesc01
,Scottie Pippen,,NBA Champion,pippesc01
,Scottie Pippen,,NBA Champion,pippesc01
,Scottie Pippen,,NBA Champion,pippesc01
,Sean Elliott,,NBA Champion,elliose01
,Sean Marks,,NBA Champion,marksse01
,Serge Ibaka,,NBA Champion,ibakase01
,Shandon Anderson,,NBA Champion,andersh01
,Shane Battier,,NBA Champion,battish01
,Shane Battier,,NBA Champion,battish01
,Shannon Brown,,NBA Champion,brownsh01
,Shannon Brown,,NBA Champion,brownsh01
,Shaquille O'Neal,,NBA Champion,onealsh01
,Shaquille O'Neal,,NBA Champion,onealsh01
,Shaquille O'Neal,,NBA Champion,onealsh01
,Shaquille O'Neal,,NBA Champion,onealsh01
,Shaun Livingston,,NBA Champion,livinsh01
,Shaun Livingston,,NBA Champion,livinsh01
,Shaun Livingston,,NBA Champion,livinsh01
,Shawn Marion,,NBA Champion,mariosh01
,Slater Martin,,NBA Champion,martisl01
,Slater Martin,,NBA Champion,martisl01
,Slater Martin,,NBA Champion,martisl01
,Slater Martin,,NBA Champion,martisl01
,Slater Martin,,NBA Champion,martisl01
,Speedy Claxton,,NBA Champion,claxtsp01
,Spencer Haywood,,NBA Champion,haywosp01
,Stacey King,,NBA Champion,kingst01
,Stacey King,,NBA Champion,kingst01
,Stacey King,,NBA Champion,kingst01
,Stanislav Medvedenko,,NBA Champion,medvest01
,Stanislav Medvedenko,,NBA Champion,medvest01
,Stephen Curry,,NBA Champion,curryst01
,Stephen Curry,,NBA Champion,curryst01
,Stephen Curry,,NBA Champion,curryst01
,Stephen Curry,,NBA Champion,curryst01
,Stephen Jackson,,NBA Champion,jacksst02
,Steve Bracey,,NBA Champion,bracest01
,Steve Downing,,NBA Champion,downist01
,Steve Kerr,,NBA Champion,kerrst01
,Steve Kerr,,NBA Champion,kerrst01
,Steve Kerr,,NBA Champion,kerrst01
,Steve Kerr,,NBA Champion,kerrst01
,Steve Kerr,,NBA Champion,kerrst01
,Steve Kuberski,,NBA Champion,kuberst01
,Steve Kuberski,,NBA Champion,kuberst01
,Steve Smith,,NBA Champion,smithst01
,Sun Yue,,NBA Champion,yuesu01
,Svi Mykhailiuk,,NBA Champion,mykhasv01
,Talen Horton-Tucker,,NBA Champion,hortota01
,Tayshaun Prince,,NBA Champion,princta01
,Terrel Harris,,NBA Champion,harrite01
,Terry Duerod,,NBA Champion,duerote01
,Thanasis Antetokounmpo,,NBA Champion,antetth01
,Thomas Bryant,,NBA Champion,bryanth01
,Tiago Splitter,,NBA Champion,splitti01
,Tim Breaux,,NBA Champion,breauti01
,Tim Duncan,,NBA Champion,duncati01
,Tim Duncan,,NBA Champion,duncati01
,Tim Duncan,,NBA Champion,duncati01
,Tim Duncan,,NBA Champion,duncati01
,Tim Duncan,,NBA Champion,duncati01
,Timofey Mozgov,,NBA Champion,mozgoti01
,Tiny Archibald,,NBA Champion,architi01
,Tom Boswell,,NBA Champion,bosweto01
,Tom Gola,,NBA Champion,golato01
,Tom Heinsohn,,NBA Champion,heinsto01
,Tom Heinsohn,,NBA Champion,heinsto01
,Tom Heinsohn,,NBA Champion,heinsto01
,Tom Heinsohn,,NBA Champion,heinsto01
,Tom Heinsohn,,NBA Champion,heinsto01
,Tom Heinsohn,,NBA Champion,heinsto01
,Tom Heinsohn,,NBA Champion,heinsto01
,Tom Heinsohn,,NBA Champion,heinsto01
,Tom Henderson,,NBA Champion,hendeto01
,Tom LaGarde,,NBA Champion,lagarto01
,Tom Sanders,,NBA Champion,sandeto01
,Tom Sanders,,NBA Champion,sandeto01
,Tom Sanders,,NBA Champion,sandeto01
,Tom Sanders,,NBA Champion,sandeto01
,Tom Sanders,,NBA Champion,sandeto01
,Tom Sanders,,NBA Champion,sandeto01
,Tom Sanders,,NBA Champion,sandeto01
,Tom Sanders,,NBA Champion,sandeto01
,Tom Thacker,,NBA Champion,thackto01
,Toni Kukoč,,NBA Champion,kukocto01
,Toni Kukoč,,NBA Champion,kukocto01
,Toni Kukoč,,NBA Champion,kukocto01
,Tony Allen,,NBA Champion,allento01
,Tony Campbell,,NBA Champion,campbto01
,Tony Jaros,,NBA Champion,jarosto01
,Tony Jaros,,NBA Champion,jarosto01
,Tony Massenburg,,NBA Champion,masseto01
,Tony Parker,,NBA Champion,parketo01
,Tony Parker,,NBA Champion,parketo01
,Tony Parker,,NBA Champion,parketo01
,Tony Parker,,NBA Champion,parketo01
,Travis Knight,,NBA Champion,knightr01
,Tremaine Fowlkes,,NBA Champion,fowlktr01
,Trent Tucker,,NBA Champion,tucketr01
,Trevor Ariza,,NBA Champion,arizatr01
,Tristan Thompson,,NBA Champion,thomptr01
,Tyronn Lue,,NBA Champion,luety01
,Tyronn Lue,,NBA Champion,luety01
,Tyson Chandler,,NBA Champion,chandty01
,Udonis Haslem,,NBA Champion,hasleud01
,Udonis Haslem,,NBA Champion,hasleud01
,Udonis Haslem,,NBA Champion,hasleud01
,Vern Mikkelsen,,NBA Champion,mikkeve01
,Vern Mikkelsen,,NBA Champion,mikkeve01
,Vern Mikkelsen,,NBA Champion,mikkeve01
,Vern Mikkelsen,,NBA Champion,mikkeve01
,Vernon Maxwell,,NBA Champion,maxweve01
,Vernon Maxwell,,NBA Champion,maxweve01
,Vinnie Johnson,,NBA Champion,johnsvi01
,Vinnie Johnson,,NBA Champion,johnsvi01
,Vlatko Čančar,,NBA Champion,cancavl01
,Wali Jones,,NBA Champion,joneswa02
,Wally Osterkorn,,NBA Champion,osterwa01
,Wally Walker,,NBA Champion,walkewa01
,Wally Walker,,NBA Champion,walkewa01
,Walt Davis,,NBA Champion,daviswa01
,Walt Davis,,NBA Champion,daviswa01
,Walt Frazier,,NBA Champion,fraziwa01
,Walt Frazier,,NBA Champion,fraziwa01
,Wayne Embry,,NBA Champion,embrywa01
,Wayne Simien,,NBA Champion,simiewa01
,Wes Matthews,,NBA Champion,matthwe01
,Wes Matthews,,NBA Champion,matthwe01
,Wes Unseld,,NBA Champion,unselwe01
,Whitey Skoog,,NBA Champion,skoogwh01
,Whitey Skoog,,NBA Champion,skoogwh01
,Whitey Skoog,,NBA Champion,skoogwh01
,Will Perdue,,NBA Champion,perduwi01
,Will Perdue,,NBA Champion,perduwi01
,Will Perdue,,NBA Champion,perduwi01
,Will Perdue,,NBA Champion,perduwi01
,William Bedford,,NBA Champion,bedfowi01
,Willie Naulls,,NBA Champion,naullwi01
,Willie Naulls,,NBA Champion,naullwi01
,Willie Naulls,,NBA Champion,naullwi01
,Willis Reed,,NBA Champion,reedwi01
,Willis Reed,,NBA Champion,reedwi01
,Wilt Chamberlain,,NBA Champion,chambwi01
,Wilt Chamberlain,,NBA Champion,chambwi01
,Win Wilfong,,NBA Champion,wilfowi01
,Woody Sauldsberry,,NBA Champion,sauldwo01
,Xavier Tillman Sr.,,NBA Champion,tillmxa01
,Zaza Pachulia,,NBA Champion,pachuza01
,Zaza Pachulia,,NBA Champion,pachuza01
,Zeke Nnaji,,NBA Champion,nnajize01
,Žan Tabak,,NBA Champion,tabakza01